eng,fra,arb,azj
"Although three people were inside the house when the car impacted it, none of them were hurt.","Bien que trois personnes aient été présentes dans la maison quand la voiture l'a percutée, aucune n'a été blessée.",بالرغم من تواجد ثلاثة أشخاص داخل البيت عند اصطدام السيارة به، إلا أنه لم يصب أحدٌ منهم.,Maşın evə girən zaman evdə olan üç adamın heç biri xəsarət almayıb.
"34 per cent of those in the poll share this view, wanting Queen Elizabeth II to be Australia's last monarch.","34 % des personnes interrogées partagent ce point de vue, et souhaitent que la reine Elizabeth II soit la dernière monarque à régner sur l'Australie.",يوافق 34 في المئة من الذين شملهم الاستبيان على وجهة النظر هذه، ويريدون أن تكون الملكة إليزابيث الثانية آخر ملكة لأستراليا.,Kraliçə II Yelizavetanın Avstraliyanın son kraliçası olmasını istəyənlərin sayı anketə görə 34 faiz təşkil edirdi.
"The qualities that determine a subculture as distinct may be linguistic, aesthetic, religious, political, sexual, geographical, or a combination of factors.","Les critères qui déterminent une sous-culture comme distincte peuvent être linguistiques, esthétiques, religieux, politiques, sexuels, géographiques ou une combinaison de facteurs.",ربما تكون الصفات التي تحدد تميز ثقافة فرعية هي لغوية، أو جمالية، أو دينية، أو سياسية، أو جنسية، أو جغرافية، أو مجموعة من العوامل.,"Bir alt mədəniyyəti ayrıca təsnifləndirən cəhətlər dil, estetika, dini, siyasi, cinsi, coğrafi amillər, yaxud da bunların bir vəhdəti olaraq dəyərləndirilə bilər."
"New Kingdom ancient Egyptians marvelled at their predecessors monuments, which were then well over a thousand year old.","Les Égyptiens antiques du Nouvel Empire étaient émerveillés par les monuments de leurs prédécesseurs, qui avaient alors bien plus de mille ans.",اندهش المصريون القدامى في المملكة الحديثة من آثار أسلافهم، والتي عمرت لما يزيد على ألف سنة.,Qədim misirlilərin yeni Krallığı o zaman artıq min yaşını keçmiş olan sələflərinin abidələrinə heyrət etdilər.
The U.S. Corps of Engineers estimated that 6 inches of rainfall could breach the previously damaged levees.,"D’après le U.S. Corps of Engineers, une pluviométrie de 6 pouces pourrait ouvrir une brèche dans les digues précédemment endommagées.",قدر سلاح المهندسين الأمريكيين أن 6 بوصات من الأمطار يمكن أن تخترق السدود الترابية المتضررة سابقاً.,"Amerika Birləşmiş Ştatlarının Mühəndislər Birliyi belə hesab edir ki, 6 düymlük yağıntı daha əvvəl zədələnmiş baryerləri qıra bilər."
Several large television screens were installed in various places in Rome to let the people watch the ceremony.,Plusieurs grands écrans de télévision ont été installés à différents endroits à Rome pour permettre aux gens de regarder la cérémonie.,رُكّبت عدة شاشات تلفزيونية كبيرة في أماكن مختلفة في روما للسماح للجمهور بمشاهدة مراسم الجنازة.,Xalqın mərasimi izləməsini təmin etmək üçün Romanın müxtəlif yerlərində nəhəng televiziya ekranları quraşdırıldı.
"Pests can spoil food, cause irritation, or in a worse case cause allergic reactions, spread venom, or transmit infections.","Les parasites peuvent contaminer la nourriture, provoquer des irritations ou, dans les cas les plus graves, provoquer des réactions allergiques, répandre du venin ou transmettre des infections.",قد تُفسد الآفات الطعام، وتسبب الإزعاج، أو تسبب ردود فعل تحسسية في الحالات الأسوأ، وتنشر السم، أو تنقل العدوى.,"Ziyanvericilər ərzaqı korlaya, qıcıqlandırmaya səbəb ola və ya ən pis halda allergik reaksiyalar yarada, zəhər yaya və ya infeksiyaya yoluxdura bilərlər."
"It is obvious enough that the world has changed much because of humankind's scientific and technological advancements, and problems have become greater because of overpopulation and mankind's extravagant lifestyle.","Il est clair que le monde a beaucoup changé grâce aux progrès scientifiques et technologiques réalisés par les êtres humains, et que les problèmes sont devenus plus importants en raison de la surpopulation et du mode de vie extravagant de l'humanité.",إنه من الواضح بشكل كاف أن العالم تغير كثيراً بسبب التقدم العلمي والتقنية للبشرية، وأصبحت المشاكل أكبر بسبب زيادة السكاني ونمط الحياة المترف للإنسان.,"Açıq-aydın görünür ki, bəşəriyyətdə elmi və texnoloji sahədə baş verən uğurlar dünyanı fərqli bir yerə çevirib, insan sayının çox olması və insanların ekstravaqant həyat tərzinə göstərdiyi maraq problemlərin daha da artmasına səbəb olub."
The correlation between brain pathology and behaviour supports scientists in their research.,La corrélation entre la pathologie du cerveau et le comportement soutient les scientifiques dans leurs recherches.,يدعم الترابط بين علم أمراض الدماغ والسلوك العلماء في أبحاثهم.,Alimlərin tədqiqatları beyin patologiyası ilə davranış arasında əlaqəni təsdiqləyir.
"Like some other experts, he is skeptical about whether diabetes can be cured, noting that these findings have no relevance to people who already have Type 1 diabetes.","À l'instar d'autres experts, il se montre sceptique quant à la possibilité de guérir le diabète, faisant remarquer que ces résultats ne sont pas applicables aux personnes qui souffrent déjà de diabète de type 1.",مثل باقي الخبراء الآخرين، فهو متشكك فيما إذا كان يمكن علاج السكري، مع ملاحظة أن هذه النتائج ليس لها علاقة بالناس الذي لديهم السكري من النوع الأول سابقاً.,"O da bəzi digər ekspertlər kimi şəkərli diabetin müalicə oluna biləcəyinə səthi inanır və onu da qeyd edir ki, əldə olunan nəticələrin artıq 1-ci tip şəkərli diabeti olan insanlarla heç bir əlaqəsi yoxdur."
"Germany was a common enemy in World War 2, leading to cooperation between the USSR and USA. With the end of the war the clashes of system, process and culture led to the countries falling out.","L'Allemagne était un ennemi commun pendant la Seconde Guerre mondiale, ce qui a conduit à la coopération entre l'URSS et les États-Unis. À la fin de la guerre, les conflits profonds entre leurs différents systèmes, méthodes et cultures ont mis fin à l'entente entre ces deux pays.",مثلت ألمانيا عدواً مشتركاً في الحرب العالمية الثانية، وهو ما أدى إلى التعاون بين الاتحاد السوفيتي والولايات المتحدة الأمريكية، ولكن مع نهاية الحرب، أدى تصادم الأنظمة والإجراءات والثقافات إلى اندلاع الصراع بين الدولتين.,"II Dünya Müharibəsində SSRİ ilə ABŞ-ın birlikdə hərəkət etməsinə səbəb olmuş Almaniya, ortaq bir düşmən idi. Müharibənin bitməsi ilə, sistem, proses və mədəniyyət toqquşmaları, ölkələrin bir-birindən ayrılmasına səbəb oldu."
"Buses depart the inter-district bus station (across the river) throughout the day, though most, especially those heading to the east and Jakar/Bumthang leave between 06:30 and 07:30.","Les bus partent de la gare routière interdistricts (située sur l'autre rive) tout au long de la journée, mais la plupart, tout particulièrement ceux qui desservent l'est et Jakar/Bumthang, partent entre 6 h 30 et 7 h 30 du matin.",تغادر الحافلات المحطة الداخلية بين المناطق (عبر النهر) في خلال اليوم على الرغم من أن معظمها وخاصة المتجهة منها إلى الشرق وجاكار/بومثانج تغادر بين 06:30 و 07:30.,"Çayın kənarında yerləşən rayonlararası avtovağzaldan gün boyu avtobuslar yola çıxır, amma onların bir çoxu, xüsusilə də şərq istiqamətində gedənlər və Cakar/Bumtanq avtobusu 06:30 və 07:30 arasında yola düşür."
"The ""up bow"" mark looks like a V and the ""down bow mark"" like a staple or a square missing its bottom side.",Le symbole « pousser » ressemble à un V et le symbole « tirer » à une agrafe ou à un carré dont le côté inférieur est manquant.,"تبدو علامة ""الوتر لأعلى"" مثل حرف الـV وتبدو علامة ""الوتر لأسفل"" مثل الدباسة أو مربّع بدون الجانب السفلي منه.","""Üst əyri"" işarəsi V hərfinə bənzəyir, ""alt əyri"" işarəsi isə bir qısqacı və ya alt tərəfi əksik bir kvadratı xatırladır."
"Scientists hope to understand how planets form, especially how the Earth formed, since comets collided with the Earth long ago.","Les scientifiques espèrent comprendre comment les planètes se forment, et plus particulièrement comment la Terre s'est formée, puisque des comètes sont entrées en collision avec elle il y a longtemps.",يأمل العلماء أن يفهموا كيفية تشكل الكواكب، وعلى الأخص كيف تشكلت الأرض منذ اصطدام المذنبات بالأرض من زمن بعيد.,"Elm adamları, planetlərin, xüsusilə də quyruqlu ulduzlar uzun zaman əvvəl Yer planeti ilə toqquşduğu üçün Yer planetinin necə yarandığını başa düşməyə çalışır."
Hokuriku Electric Power Co. reported no effects from the earthquake and that the Number 1 and 2 reactors at its Shika nuclear power plant were shut down.,Hokuriku Electric Power Co. n'a signalé aucun effet du tremblement de terre et que les réacteurs numéro 1 et 2 de sa centrale nucléaire de Shika ont été arrêtés.,لم تبلغ شركة هوكوريكو للطاقة الكهربائية عن أي آثار للزلزال، ولكنها أبلغت أن المفاعلين رقم 1 و2 في محطة شيكا للطاقة النووية قد أُغلقا.,"""Hokuriku Electric Power Co"" şirkəti zəlzələnin heç bir təsiri olmadığını və Şika atom stansiyasındakı 1 və 2 nömrəli reaktorların bağlandığını bildirdi."
"This is the place the British colonisers took as their own and so if you are looking for evidence of the territory's colonial past, this is a good place to start.","Il s'agit du lieu que les colons Britannique ont investit. Ainsi, cela me semble être un bon point de départ, si vous recherchez des preuves du passé colonial de cette région.",هذا هو المكان الذي اتّخَذَهُ المستعمرون البريطانيون كمكان خاص بهم، وبالتالي إذا كنت تبحث عن دليلٍ على الماضي الاستعماريِّ للمنطقة، فهذا مكانٌ جيدٌ للبدء.,"Bura, Britaniya kolonistlərinin mənimsədikləri yerdir, buna görə də, əgər bölgənin müstəmləkə tarixi ilə əlaqəli bir dəlil axtarırsınızsa, buradan başlaya bilərsiniz."
Giancarlo Fisichella lost control of his car and ended the race very soon after the start.,Giancarlo Fisichella a perdu le contrôle de sa voiture et a terminé la course peu après le démarrage.,فقد جيانكارلو فيشيلا السيطرة على سيارته وأنهى السباق بعد وقتٍ قصير من بدايته.,Cankarlo Fizikella startdan bir qədər sonra avtomobilinin idarəetməsini itirir və yarışı dayandırmalı olur.
"Technology offers the solution with virtual field trips. Students can look at museum artifacts, visit an aquarium, or admire beautiful art while sitting with their class.","La solution est apportée par la technologie sous la forme de sorties éducatives virtuelles. Les élèves peuvent regarder les objets anciens d'un musée, visiter un aquarium, ou admirer une superbe œuvre d'art tout en restant assis avec leur classe.",تتيح التقنية الحل من خلال الزيارات الميدانية الافتراضية. يمكن للطلاب مشاهدة القطع الأثرية بالمتحف أو زيارة حوض الأسماك أو الاستمتاع بالفن الجميل أثناء جلوسهم زملائهم في الصف.,"Texnologiyanın təklif etdiyi sahələrə virtual səyahət həlli sayəsində tələbələr sinifdə oturaraq muzeydəki eksponatlara baxacaq, akvariumları və ya ecazkar sənət nümunulərini seyr edə biləcəklər."
"The medical charity Mangola, Medecines Sans Frontieres and the World Health Organisation say it is the worst outbreak recorded in the country.","Selon l'ONG Mangola, Médecins Sans Frontières et l'Organisation mondiale de la santé, il s'agit de la pire épidémie enregistrée dans le pays.","أعربت منظمة ""مانجولا"" الخيرية الطبية ومنظمة أطباء بلا حدود ومنظمة الصحة العالمية، إن هذا هو أسوأ تفشٍ مسجل في البلاد.","Tibbi Xeyriyyə Qurumu olan Mangola, Medecines Sans Frontieres və ÜST bunun ölkədə bu günə qədər görülmüş ən pis epidemiya olduğunu bildirdi."
"There are of course Christian theological explanations for this tradition, but it may well be a pre-Christian Spring and Fertility ritual.","Il existe bien évidemment des explications théologiques chrétiennes pour cette tradition, mais il se pourrait bien qu’il s’agisse d’un rituel préchrétien de printemps et de fertilité.",يمكن بكل تأكيد تفسير هذا التقليد من وجهة نظر لاهوتية مسيحية، ولكن هناك احتمال أن يكون طقساً دينياً لفصل الربيع والخصوبة من قبل زمن المسيحية.,"Əlbəttə bu ənənənin Xristian dini baxımından izahı var, amma bu xristianlıqdan əvvəl olan Baharın gəlişi və məhsuldarlıq səbəbilə də keçirilə bilər."
Coalition and Afghan troops moved into the area to secure the site and other coalition aircraft have been sent to assist.,Les troupes de coalition et Afghanes se sont déplacées dans la zone pour sécuriser le site et un avion d’une autre coalition a été envoyé pour seconder.,وقد توغلت قوات التحالف والقوات الأفغانية في المنطقة لتأمين الموقع وأرسلت طائرات التحالف الأخرى للمساعدة.,Ərazinin təhlükəsizliyini təmin etmək məqsədilə koalisiya qüvvələri və əfqan qoşunları bölgəyə köçürüldülər və onlara dəstək üçün koalisiya hava qüvvələri də göndərildi.
Martelly swore in a new Provisional Electoral Council (CEP) of nine members yesterday.,Martelly a intronisé hier un nouveau Conseil électoral provisoire (CEP) composé de neuf membres.,أدى مارتيلي أمس القسم في مجلس انتخابي مؤقت جديد مكون من تسعة أعضاء.,Dünən doqquz üzvdən ibarət yeni Müvəqqəti Seçki Şurası (MSŞ) qarşısında Martellinin and içmə mərasimi baş tutdu.
"When asked for comment, Miller said, ""Mike talks a lot during the hearing...I was getting ready so I wasn't really hearing what he was saying.""","Lorsqu'on lui a demandé de commenter, Miller a déclaré : « Mike parle beaucoup pendant l'audience… Je me préparais, donc je n'ai pas vraiment entendu ce qu'il disait ».","قال ميلر عندما طلب منه إبداء رأيه،: ""يتحدث مايك كثيرًا أثناء جلسة الاستماع... كنت أستعد، ولذا لم أسمع حقًا ما كان يقوله"".","Millerdən şərh bildirməsini istədikdə cavab verdi: ""Mayk dindirilmə zamanı kifayət qədər danışıb...Mən o vaxt hazırlaşırdım, ona görə də onun dediklərini eşitmirdim""."
"I don't know if you realize it or not, but most of the goods from Central America came into this country duty-free.","Je ne sais pas si vous vous en rendez compte, mais la plupart des marchandises en provenance d'Amérique centrale sont entrées dans notre pays exonérées de taxes.",لا أعلم إن كنت تدرك الأمر أم لا، لكن معظم البضائع القادمة من أمريكا الوسطى تدخل هذه البلد بدون ضرائب.,"Bunu başa düşüb-düşmədiyinizdən əmin deyiləm, amma Mərkəzi Amerikadan idxal edilmiş malların bir çoxu bu ölkəyə gömrük rüsumu ödəmədən gətirilir."
The announcement was made after Trump had a phone conversation with Turkish President Recep Tayyip Erdoğan.,L’annonce a été faite après que M. Trump ait eu une conversation téléphonique avec le président turc Recep Tayyip Erdoğan.,تم عمل الإعلان بعد أن قام ترامب بمحادثة هاتفية مع الرئيس التركي رجب الطيب أردوغان.,"Məlumat, Trampın Türkiyə Prezidenti Rəcəp Tayip Ərdoğan ilə telefon danışığından sonra bildirildi."
One bomb exploded outside the governor general's office.,Une bombe a explosé devant le bureau du gouverneur général.,انفجرت قنبلة واحدة خارج مكتب الحاكم العام.,Qubernatorun ofisinin qabağında bir bomba partladı.
"In 1990, it was added to the list of world heritage sites in danger, due to the threat of desert sands.","En 1990, il a été ajouté à la liste des sites du patrimoine mondial en danger, en raison de la menace des sables du désert.",في سنة 1990، تمت إضافتها إلى لائحة مواقع التراث العالمي المهددة بالخطر، نظراً لتهديد رمال الصحراء.,"Səhra qumlarının təhlükəyə səbəb olması nəticəsində, 1990-cə ildə o, riskə məruz qalmış abidə kimi, ümumdünya irsi siyahısına əlavə olundu."
Huhne and Pryce are scheduled to appear at the Westminster Magistrates Court on February 16.,Huhne et Pryce doivent comparaître devant la Magistrates Court de Westminster le 16 février.,هوهن وبرايس على موعد للحضور في محكمة قضاة ويستمينستر في 16 من شباط.,Xyun və onun keçmiş həyat yoldaşı Praysın məhkəməsinin Fevralın 16-sında Vestminster Sülh Məhkəməsində baş tutacağı planlaşdırılıb.
"With only eighteen medals available a day, a number of countries have failed to make the medal podium.","Avec seulement dix-huit médailles disponibles par jour, un certain nombre de pays n'ont pas réussi à monter sur le podium des médaillés.",أخفق عدد من الدول في الوصول لمنصة التتويج نظراً للتنافس على ثمانية عشر ميدالية فقط في كل اليوم.,Gün ərzində yalnız on səkkiz medal təqdim olunduğu üçün bir sıra ölkələr medal qazanan ölkələr arasında ola bilmədilər.
"Mosasaurus was the apex predator of its time, so it feared nothing, except other mosasaurs.","Le mosasaure était le superprédateur de l'époque, il ne craignait rien, sauf les autres mosasaures.",كان الموزاصور هو المفترس المهيمن في عصره، لذلك لم يكن يهاب أي شيء، باستثناء الموزاصورات الأخرى.,"Mosasaurus öz vaxtının ən zirvədə olan vəhşisi olduğuna görə, sadəcə öz qohumları olan mosasaurslar xaricində digər canlılardan qorxmurdu."
"It warns No one can guarantee that any course of action in Iraq at this point will stop sectarian warfare, growing violence, or a slide toward chaos.","Il avertit que personne ne peut garantir que toute action en Irak à ce stade mettra fin à la guerre sectaire, à la violence croissante ou au glissement vers le chaos.",يحذر من أنه لا أحد يمكنه ضمان أن أي مسار عمل في هذه اللحظة في العراق سيؤدي إلى وقف الحرب الطائفية أو العنف المتزايد أو الانحدار نحو الفوضى.,"Hesabat, İraqda bu məqamda alınacaq istənilən tədbirin məzhəblərarası müharibənin, artan şiddətin və ya xaos yaratmağa meylliliyin qarşısını alacağı haqqında heç kimin təminat verə bilməyəcəyini göstərir."
"All animals that originally arrived in the islands came here either by swimming, flying or floating.","Tous les animaux qui sont arrivés sur ces îles l'ont fait à l'origine par les eaux, à la nage ou à bord d'objets flottants, ou par les airs.",لقد أتت جميع الحيوانات التي وصلت في الأصل إلى الجزر إما بالسباحة أو بالطيران أو بالطفو.,"Adalara əvvəldən gəlmiş bütün heyvanlar buraya ya üzərək, ya uçaraq və yaxud da dalğaların atması nəticəsində gəlib."
Minor cultures often vanish without leaving relevant historic evidence and fail to be recognized as proper civilizations.,Les cultures minoritaires disparaissent souvent sans laisser de traces historiques pertinentes et ne sont pas reconnues comme de véritables civilisations.,تتلاشى الثقافات الصغرى في كثير من الأحيان دون أن تترك أي دليل تاريخي فعلي ولا يُعترف بها باعتبارها حضارات حقيقية.,"Kiçik mədəniyyətləri adətən sivilizasiya kimi tanımaq mümkün olmur, çünki onlar özlərinə xas tarixi dəlillər qoymadan yox olub gedirlər."
"A person working in a garage near where the accident occurred said: ""There were children waiting to cross the road and they were all screaming and crying.""","Un employé d'un garage proche du lieu de l’accident a déclaré : « il y avait des enfants qui cherchaient à traverser la route, et qui criaient et pleuraient. »","وصرح شخصٌ يعمل في مرآبٍ قريب من مكان وقوع الحادث: ""كان هناك أطفالٌ ينتظرون عبور الشارع وكلهم كانوا يصرخون ويبكون"".","Hadisə yerinin yaxınlığında yerləşən qarajda işləyən adamın sözlərinə görə: ""Yolu keçmək üçün gözləyən uşaqlar qışqırıb ağlaşırdılar""."
Typically there will be a tuition fee to enroll in these educational programs.,"En règle générale, il faut payer des frais d'inscription pour suivre ces programmes éducatifs.",عادة ما تكون هناك رسوم للتسجيل في تلك البرامج التعليمية.,Belə təhsil proqramlarında qeydiyyatdan keçmək üçün ənənəvi olaraq təhsil haqqı tələb olunacaqdır.
The official Falklands currency is the Falkland pound (FKP) whose value is set equivalent to that of one British pound (GBP).,La monnaie officielle des Îles Malouines est la livre des Îles Malouines (FKP) dont la valeur est équivalente à une livre sterling (GBP).,عملة فوكلاند الرسمية هي الجنيه الفوكلاندي (FKP) الذي يتم تحديد قيمته معادلة بـقيمة الجنيه البريطاني (GBP).,Folklend adalarının rəsmi valyutası Folklend adaları funtudur (FKP) və dəyəri bir Britaniya funtunun (GBP) dəyərinə bərabərdir.
"In an interview, he said the new variant was ""very highly troubling and alarming because of the very high fatality rate.""","""Dans une interview, il a déclaré que la nouvelle mutation était """"très troublante et alarmante en raison du taux de mortalité très élevé"""".""","لقد قال في مقابلة أن شكل البكتيريا المتغير الجديد ""مثير للقلق ومروّع للغاية بسبب معدل الوفيات المرتفع جداً.""","Bir intervyusunda o, xəstəliyin yeni formasının ""çox yüksək ölüm səviyyəsinə görə son dərəcə narahatedici və təhlükəli"" olduğunu bildirdi."
British pounds will generally be accepted anywhere in the islands and within Stanley credit cards and United States dollars are also often accepted.,"La livre sterling est une monnaie couramment acceptée partout dans les îles, tandis qu’à Stanley, les cartes de crédit et les dollars américains sont également souvent acceptés.",يتم قبول الجنيه البريطاني بشكل عام في أي مكان في الجزر وداخل بطاقات ستانلي الائتمانية ودولار الولايات المتحدة الأمريكية في كثير من الأحيان.,"Ümumiyyətlə adaların istənilən yerində Britaniya funt sterlinqi ilə yanaşı, Stenli kredit kartları və ABŞ dolları da qəbul edilir."
"In one year's time, an infected person may infect 10 to 15 close contacts.","Sur une période d'un an, une personne infectée peut infecter 10 à 15 contacts proches.",خلال عام واحد، قد يصيب الشخص المُصاب ما بين 10 إلى 15 من المختلطين القرباء.,Yoluxmuş şəxs bir il müddətində onunla yaxın təmasda olan 10-15 nəfəri yoluxdura bilər.
This provides us with a lot of information and material to build simulation models which help us to understand processes in our mind.,Cela nous donne beaucoup d’informations et de matériel pour construire des modèles de simulation qui nous aident à comprendre les processus dans notre esprit.,هذا يوفر لنا الكثير من المعلومات والمواد لبناء نماذج المحاكاة التي تساعدنا على فهم العمليات في أذهاننا.,"Bu, fikrimizdəki mərhələləri başa düşməyimizi asanlaşdıran imitasiya şablonlarını formalaşdırmaq üçün bizi bir çox informasiya və materiallarla təmin edir."
"Searches at security checkpoints have also become far more intrusive in the post-September 11, 2001 era.",Les fouilles aux points de contrôle de sécurité sont également devenues beaucoup plus intrusives dans l’ère de l’après-11 septembre 2001.,وأصبحت عمليات التفتيش في نقاط التفتيش الأمنية أكثر تعدياً على الخصوصيات بكثير في حقبة ما بعد 11 سبتمبر عام 2001.,Təhlükəsizlik yoxlaması məntəqələrində aparılan axtarışlar 11 sentyabr 2001-ci il tarixindən sonrakı dövrdə daha da bezdirici olmağa başladı.
It is thinner under the maria and thicker under the highlands.,Elle est plus fine au niveau des mers et plus épaisse sous les continents.,إنه أنحف تحت ماريا وأكثر سمكاً تحت المرتفعات.,"""Maria"" adlanan qaranlıq qatların altında daha nazik, dağlıq yerlərin altında isə daha qalın görünür."
Siminoff said sales boosted after his 2013 appearance in a Shark Tank episode where the show panel declined funding the startup.,M. Siminoff a déclaré que les ventes ont augmenté après son apparition en 2013 dans un épisode de Shark Tank où le panel de la série a refusé de financer la start-up.,قال سيمينوف إن المبيعات ارتفعت بعد ظهوره في عام 2013 في حلقة شارك تانك، حيث رفضت لجنة العرض تمويل الشركة البادئة.,"Siminoff, 2013-cü ildə işlərə başlamaq üçün şou panelinin maliyyələşdirilməsini rədd etdiyi ""Shark Tank"" şou proqramına çıxmasından sonra satışların artdığını dedi."
"Although Winfrey was tearful in her farewell, she made it clear to her fans she will be back.","Malgré les larmes versées lors de ses adieux, Oprah Winfrey a clairement dit à ses fans qu'elle serait de retour.",على الرغم من أن وينفري كانت متأثرةً في وداعها، إلا أنها أوضحت لجمهورها أنها ستعود.,Vida zamanı gözyaşlarına boğulan Uinfri açıq şəkildə pərəstişkarlarına geri qayıdacağını söylədi.
"It was the final match for the All Blacks, who had already won the trophy two weeks ago.","C’était le dernier match des All Blacks, qui avaient déjà remporté le trophée il y a deux semaines.",كانت المباراة النهائية لأول بلاكس، الذين سبق لهم الفوز بالفعل باللقب قبل أسبوعين.,"Bu, iki həftə əvvəldən artıq kuboku qazanmış All Blacks komandası üçün turnirin sonuncu matçı idi."
"Eventually, wooden wheels were replaced by iron wheels. In 1767, the first full-iron rails were introduced.","Finalement, les roues en bois ont été remplacées par des roues en fer. En 1767, les premiers rails en fer ont fait leur apparition.",وفي النهاية، تم استبدال العجلات الخشبية بعجلات حديدية. في عام 1767، تم إدخال أول قضبان حديدية كاملة.,Zaman keçdikcə taxta çarxlar polad çarxlarla əvəz olundu və ilk dəfə 1767-ci ildə tam polad relslər bazara çıxarıldı.
"The first known transportation was walking, humans began walking upright two million years ago with the emergence of Homo Erectus (meaning upright man).",Le tout premier moyen de locomotion était la marche : les humains se mirent à marcher debout il y a deux millions d'années avec l'arrivée de l'Homo Erectus (« homme droit »).,كان المشي أول وسيلة مواصلات، بدأ البشر المشي بانتصاب منذ مليوني عام بالتزامن مع ظهور الهومو إريكتوس (تعني الإنسان المنتصب),İnsanlar iki milyon il əvvəl Homo Erektusun (mənası dik adam deməkdir) ortaya çıxması ilə yeriməyə başladılar və bununla da bildiyimiz ilk nəqliyyat vasitəsi piyada gediş oldu.
"After the results came in, Gingrich lauded Santorum, but had tough words for Romney, on whose behalf negative campaign advertisements were aired in Iowa against Gingrich.","Après publication des résultats, Newt Gingrich a félicité Rick Santorum, mais a eu des mots durs à l'encontre de Mitt Romney, au nom de qui des campagnes publicitaires négatives avaient été diffusées en Iowa contre Newt Gingrich.","بعد ظهور النتائج، أثنى ""جينجريتش"" على ""سانتوروم""، لكنه وجه كلمات لاذعة إلى ""رومني""، والذي بُثت حملة إعلانية سلبية في ولاية ""آيوا"" ضد ""جينجريتش"" نيابةً عنه.","Nəticələr açıqlandıqdan sonra Qinqriç Santorumu alqışladı, lakin Qinqriçin əleyhinə olan Ayovada onun adından neqativ reklam kampaniyası aparan Romni haqqında sərt fikirlər səsləndirdi."
"Other subjects on the agenda in Bali include saving the world's remaining forests, and sharing technologies to help developing nations grow in less-polluting ways.",Parmi les autres sujets à l’ordre du jour à Bali figurent la sauvegarde des dernières forêts du monde et le partage des technologies pour aider les pays en développement à poursuivre leur croissance de manière moins polluante.,تشمل الموضوعات الأخرى المدرجة على جدول أعمال بالي الحفاظ على الغابات المتبقية في العالم، وتبادل التكنولوجيات لمساعدة الدول النامية على النمو بطرق أقل تلويثاً,Balidə gündəlikdə olan digər məsələlərə dünyada qalan meşələrin qorunması və inkişaf etməkdə olan ölkələrin ekoloji baxımdan daha təmiz şəraitdə təkmilləşməsinə kömək edəcək texnologiyanın bölüşdürülməsi daxildir.
The French Revolution also inspired many other repressed working class people of other country's to began their own revolutions.,La Révolution française a également inspiré de nombreuses autres classes ouvrières réprimées d’autres pays à entamer leur propre révolution.,لقد ألهمت الثورة الفرنسية أيضاً العديد من أبناء الطبقة العاملة المُضطهدة الآخرين في البلدان الأخرى لنزع فتيل ثوراتهم.,Fransız inqilabı digər ölkələrdən repressiyaya məruz qalan işçi sinfini də inqilaba başlamaq üçün ilhamlandırmışdı.
"It was to last for the next 40 years and would be fought for real, by proxy armies, on battlefields from Africa to Asia, in Afghanistan, Cuba and many other places.","Elle allait durer pendant les 40 années suivantes et verrait des affrontements réels, par le biais d'armées de substitution, sur des champs de bataille aussi bien en Afrique qu'en Asie, en Afghanistan, à Cuba et dans bien d'autres endroits.",كان من المفترض أن تستمر هذه الحرب طيلة الأربعين عاماً القادمة، وأن يكون القتال على أرض الواقع، بواسطة جيوش بالوكالة، في ساحات القتال من أفريقيا إلى آسيا، وفي أفغانستان، وكوبا، والعديد من الأماكن الأخرى.,"Soyuq müharibə, əsl səlahiyyətli ""ordularla"" Afrikadan Asiyaya, Əfqanıstan, Kuba və digər bir çox yerlərə qədər bütün döyüş bölgələrində növbəti 40 il davam etdi."
"The obvious way of flying in first or business class is to fork out a thick wad of money for the privilege (or, better yet, get your company to do it for you).","Le moyen le plus évident de voyager en première classe ou en classe affaires est de débourser une grosse somme d'argent pour ce privilège (ou, mieux encore, de demander à votre entreprise de le faire pour vous).",الطريق البديهي لتتمكن من السفر على الدرجة الأولى أو درجة رجال الأعمال هي تخصيص مبلغ مالي كبير لتحصل على هذا الامتياز (أو أفضل لك أن تنيب شركتك في القيام بذلك).,Birinci dərəcəli və ya biznes klasda uçmaq imtiyazına sahib olmaq üçün bir qalaq pul yığmaq lazımdır (və ya ən yaxşısı biletlərinizin şirkətiniz tərəfindən alınmasıdır).
Plants make their food from the sun by photosynthesis. They also provide shade.,Les plantes produisent leur nourriture à l'aide du soleil par photosynthèse. Elles fournissent également de l’ombre.,تصنع النباتات طعامها من الشمس من خلال التمثيل الضوئي. كما يوفرون الظل.,Bitkilər günəş vasitəsilə fotosintezə uğrayaraq yetişirlər. Onlar həm də kölgə salırlar.
Most insects have the advantage of being able to fold their wings back along the body.,La plupart des insectes ont l’avantage de pouvoir replier leurs ailes le long du corps.,تتميّز معظمُ الحشراتِ بقُدرتها على ثَني أجنحتِها للخلفِ بطولِ الجسدِ.,"Bir çox həşəratlar, qanadlarını üstlərinə yığaraq qatlamaq xüsusiyyətinə malikdir."
"Naturalists and philosophers focused on classical texts and, in particular, on the Bible in Latin.","Les naturalistes et les philosophes se sont concentrés sur les textes anciens, et en particulier sur la Bible en latin.",ركّز علماء الطبيعة والفلاسفة على النصوص القديمة و، بصورة خاصّة، على الإنجيل باللغة اللاتينيّة.,"Təbiət və fəlsəfə alimləri, klassik mətnləri, ən çox da latın dilində yazılmış Müqəddəs Kitabı tədqiq edirdilər."
"People now write messages on computer screens, never having to come close to a sharpener.","Les gens écrivent maintenant des messages sur des écrans d'ordinateur, sans jamais avoir à s'approcher d'un taille-crayon.",يكتب الناس الآن رسائل على شاشات الكمبيوتر، دون الاحتياج إلى استخدام المباراة.,"İnsanlar indi mesajlarını kompüter ekranında yazır, qələm yonanlar isə getdikcə tarixə qovuşur."
It uses satellite-based technology as opposed to older ground-radar-based technology to allow air traffic controllers to pinpoint aircraft with greater precision and give pilots more accurate information.,"Il repose sur les technologies satellitaires, et non sur les systèmes radars au sol utilisés auparavant, ce qui permet aux contrôleurs aériens de localiser les avions avec davantage de précision et de fournir aux pilotes des informations plus détaillées.",إنها تستعمل تقنية مرتبطة بالأقمار الاصطناعية بخلاف التقنية القديمة التي تستعمل راداراً أرضياً للسماح للمراقبين الجويين بتحديد مكان طائرة بدقة أعلى وتزود الطيارين بمعلومات محددة أكثر.,"Bunun üçün köhnə, yerüstü radiolokasiya texnologiyasının əvəzinə, aviadispetçerlərin təyyarənin yerini daha dəqiq təyin etməsinə və pilotlara daha dəqiq məlumat verməsinə imkan yaradan peyk əsaslı texnologiyadan istifadə olunur."
Voyagers planning sex reassignment surgery abroad must ensure they're carrying valid documents for the return trip.,Les voyageurs qui prévoient une opération de changement de sexe à l'étranger doivent s'assurer d'avoir en leur possession des documents valables pour leur voyage de retour.,يجب على المسافرين الذين يخططون لإجراء جراحة إعادة تحديد الجنس في الخارج التأكّد من أنهم يحملون وثائق صالحة لرحلة العودة.,"Cinsiyyət dəyişikliyi əməliyyatları üçün xaricə getməyi planlaşdıran səyyahlar, geri dönərkən sənədlərinin etibarlılıq müddətinin bitməməli olduğunu nəzərə almalıdır."
"If you visit the Arctic or Antarctic areas in the winter you will experience the polar night, which means that the sun doesn't rise above the horizon.","Si vous visitez les régions arctiques ou antarctiques en hiver, vous pourrez découvrir la nuit polaire, durant laquelle le soleil ne se lève pas au-dessus de l'horizon.",إذا قررت زيارة منطقة القطب الشمالي أو القطب الجنوبي في الشتاء، فسوف تجرب الليل القطبي، وهو يعني أن الشمس لا ترتفع فوق الأفق.,Günəşin üfüqdən yuxarı qalxmaması ilə müşahidə olunan qütb gecəsini qışda Arktika və ya Antarktika ərazilərinə səfər edərək yaşaya bilərsiniz.
"Soon, officers equipped with riot gear entered the yard and cornered the inmates with tear gas.","Bientôt, des officiers équipés de matériel antiémeute pénétrèrent dans la cour et coincèrent les détenus avec des gaz lacrymogènes.",سرعان ما دخل ضباط مجهزون بعدة الشغب الساحة وحاصروا النزلاء بالغاز المسيل للدموع.,Çevik qüvvələr qısa müddətdə həyətə daxil oldu və dustaqları gözyaşardıcı qazla bir küncə sıxışdırdı.
"Plants look their best when in a natural environment, so resist the temptation to remove even ""just one"" specimen.","Les plantes revêtent leur plus belle apparence lorsqu'elles se trouvent dans un environnement naturel, alors résistez à la tentation d'en retirer ne serait-ce qu'« une seule ».","تكون النباتات في أفضل أحوالها حينما تظل في بيئة طبيعية، لذا قاوم رغبتك في القطف حتى ولو كانت عينة ""واحدة فقط"".","Bitkilər ən yaxşı təbii mühitdə görünürlər, ona görə də bir bitki növünü yerindən çıxarmağa belə yol verməyin."
"Current senator and Argentine First Lady Cristina Fernandez de Kirchner announced her presidential candidacy yesterday evening in La Plata, a city 50 kilometers (31 miles) away from Buenos Aires.","L'actuelle sénatrice et Première Dame d'Argentine Cristina Fernandez de Kirchner a annoncé sa candidature présidentielle, hier soir, à La Plata, une ville située à 50 kilomètres (31 miles) de Buenos Aires.",لقد أعلنت كريستينا فرنانديز دي كيرشنر عضوة مجلس الشيوخ الحالية وسيدة الأرجنتين الأولى ترشحها للرئاسة الأمس مساءً في لابلاتا، وهي مدينة تبعد 50 كيلومتراً (أو 31 ميلاً) عن بوينس آيرس,Dünən axşam Buenos Airesdən 50 km (31 mil) məsafədə yerləşən La Plata şəhərində hazırki senator və Argentinanın birinci xanımı Kristina Fernandez de Kirçner prezidentliyə namizədliyini elan etdi.
If you want to be close to the action you're going to have to get in early to get a camping site close to the music.,"Si vous voulez participer de près à l'événement musical, vous allez devoir arriver tôt pour trouver un aire de camping bien placée.",إذا أردت أن تقترب من الأحداث، فيجب عليك أن تدخل باكراً وذلك للحصول على موقع تخييم قريب من الموسيقى.,"Əgər həyəcanı yaxından hiss etmək istəyirsinizsə, o zaman erkəndən gəlib musiqiyə yaxın bir yerdə düşərgə quracağınız yeri tutmalısınız."
"Regional and seasonal severe weather phenomena include blizzards, snowstorms, ice storms, and dust storms.","Les phénomènes météorologiques extrêmes, régionaux et saisonniers, incluent les tempêtes de froid, les tempêtes de neige avec vents violents, et les tempêtes de sable ou de poussières.",تشمل الظواهر المناخية الإقليمية والموسمية الشديدة: العواصف الثلجية والجليدية والترابية.,"Havanın bölgə və mövsümdən asılı olaraq kəskin dəyişikliyinə qar çovğunları, qar, buz və toz fırtınaları daxildir."
"A couple may decide it is not in their best interest, or in the interest of their child, to raise a baby.","Un couple peut très bien estimer qu'il n'est pas dans leur intérêt, ni dans celui de l'enfant, de s'occuper de l'éducation d'un bébé.",قد يقرر زوجان أنه ليس من مصلحتهما أو من مصلحة طفلهما أن يربيا طفلاً رضيعًا.,"Bir cütlük, uşaq böyütmənin öz maraqlarına və ya uşaqlarının maraqlarına zidd olduğunu düşünə bilər."
"The Ninth Ward, which saw flooding as high as 20 feet during Hurricane Katrina, is currently in waist-high water as the nearby levee was overtopped.","Le neuvième district, qui a connu des inondations atteignant 20 pieds de haut lors de l'ouragan Katrina, est actuellement sous les eaux jusqu'à la taille car la digue voisine a été débordée.",يقع حاليًا الجناح التاسع والذي شهد فيضاناً يصل ارتفاعه إلى 20 قدماً خلال إعصار كاترينا، في ارتفاع لمنسوب المياه حيث غمرت السد القريب.,Hazırda ən yaxındakı bənd selin qarşısını ala bilmədiyi üçün Katrina Qasırğası zamanı 20 fut yüksəkliyə qədər sel basqınına məruz qalmış doqquzuncu palata yarıya qədər suyun içindədir.
"Beyond Wednesday's event, Carpanedo competed in two individual races at the Championships.","À part l'événement de mercredi, Carpanedo a participé à deux courses individuelles lors des Championnats.",بعد حدث الأربعاء، تنافس كاربانيدو في سباقين فرديين في البطولة.,"Karpanedo çərşənbə günü baş verən tədbirdən əlavə, çempionat daxilində iki ayrı yarışda mübarizə apardı."
"In late 2015, TogiNet established AstroNet Radio as a subsidiary station.","Fin 2015, TogiNet a créé AstroNet Radio en tant que station subsidiaire.","في أواخر عام 2015، أنشأت ""توجي نت"" راديو ""أسترو نت "" كمحطة إذاعية تابعة.",TogiNet 2015-ci ilin sonunda köməkçi stansiya kimi AstroNet Radionu yaratdı.
"Similarly, by having a Schengen visa, you do not need to apply for visas to each of the Schengen member countries separately, hence saving time, money and paperwork.","De même, en ayant un visa Schengen, vous n'avez pas besoin de demander séparément un visa pour chacun des pays membres de l'espace, ce qui permet d'économiser du temps, de l'argent et des formalités administratives.",وعلى نحو مماثل، فمن خلال الحصول على تأشيرة شنغن، لن تكون في احتياج إلى التقدم بطلب للحصول على تأشيرات الدخول لكل دولة من البلدان الأعضاء في شنغن على حدة، وبالتالي توفير الوقت والمال والأعمال الورقية.,"Oxşar olaraq, şengen vizası əldə etsəniz, Şengen üzvü olan ölkələrin hər birinə viza üçün ayrıca müraciət etmənizə ehtiyac qalmır. Bu isə vaxta, pula və sənədləşmə işlərinə qənaət edir."
Scaffolding is not a method of learning but rather an aid that provides support to individuals whom are undergoing a new learning experience such as using a new computer program or beginning a new project.,Le soutien n'est pas une méthode d'apprentissage mais davantage un moyen d'aider les apprenants qui découvrent un nouvel enseignement tel que l'utilisation d'un nouveau programme ou le début d'un nouveau projet.,التعلم التفاعلي ليس طريقة للتعلم ولكنها بالأحرى وسيلة مساعدة تقدم الدعم للأفراد الذين يمرون بتجربة تعليمية جديدة مثل استخدام برنامج كمبيوتر جديد أو بدء مشروع جديد.,"Müvəqqəti qurğu tədris bir metodundan daha çox, yeni kompüter proqramında istifadə, yaxud da yeni bir layihəyə başlamaq kimi yeni öyrənmə metodlarından istifadə edən tələbələr üçün bir vasitədir."
"In fact, it is not easy to find at all even if one knew it existed. Once inside the cave, it is a total isolation.","En réalité, ce n'est pas facile du tout à trouver, même si on sait que ça existe. Quand on est entré dans la grotte, on est complètement isolé.",وفي الحقيقة، فليس من السهل العثور عليه على الإطلاق حتى لو كنت تعلم بوجوده. فبمجرد الدخول إلى الكهف ، تصبح في عزلةٍ تامةٍ.,"Əslində, onun varlığı bilinsə də, onu tapmaq çətindir. Mağaranın içinə girmək tamamilə təcrid olunmaq deməkdir."
"But, if used without further qualifiers, the term tends to mean the food originally from the central and eastern parts of the main island Java.","Toutefois, lorsque ce terme est utilisé sans autre qualificatif, il tend à désigner les aliments provenant des parties centrale et orientale de l'île principale de Java.",لكن إن تم استعماله من دون مصطلحات إضافية، فإن المصطلح يميل ليعني أن الطعام أصله من المناطق الوسطى والشرقية للجزيرة الرئيسية جافا.,"Bununla belə, əlavə şərh olmadan bu terminin ilkin mənası Yava adasının mərkəz və şərq bölgələrindən gələn yeməklərlə təsvir etməyə yönəlikdir."
The program started at 8:30 p.m. local time (15.00 UTC).,"Le programme a démarré à 20 h 30, heure locale (15 h 00 UTC).",بدأ البرنامج في 08:30 بالتوقيت المحلي (15،00 UTC).,Yerli vaxt ilə 20:30-da proqram başladı (15.00 UTC).
The Northern Marianas emergency management office said that there were no damages reported in the nation.,Le Bureau de gestion des urgences des îles Mariannes du Nord a déclaré qu'aucun dégât n'avait été signalé dans ce pays.,صرح مكتب إدارة الطوارئ في شمال ماريانا أنه لم يتم الإبلاغ عن أية أضرار في البلاد.,"Şimali Mariana Fövqəladə Hallaq İdarəsinin verdiyi məlumata görə, ölkədə zərər haqında xəbər verilməyib."
"The final match of the series will take place at Ellis Park in Johannesburg next week, when the Springboks play Australia.","Le dernier match du championnat aura lieu à l’Ellis Park de Johannesburg la semaine prochaine, lorsque les Springboks affronteront l’Australie.",ستُعقد المباراة الأخيرة من السلسلة الأسبوع القادم في ملعب إليس بارك في جوهانسبرغ عندما يقابل منتخب جنوب أفريقيا للرغبي أستراليا.,"Qrupun final oyunu gələn həftə, Sprinqbok komandası Avstraliyada oynadığı zaman, Johannesburg, Ellis Parkda keçiriləcək."
"Some roads have been damaged, railway service interrupted in the affected areas, and the Noto Airport in Ishikawa prefecture remains closed.","Certaines routes ont été endommagées, le service ferroviaire a été suspendu dans les zones affectées, et l’aéroport de Noto de la préfecture d’Ishikawa est toujours fermé.",تضررت بعض الطرق وانقطعت خدمات السكك الحديدية في المناطق المتأثرة، وما يزال مطار نوتو في محافظة إيشيكاوا مغلقًا.,Yolların bəziləri hadisədən iflic vəziyyətə düşüb. Zərər görmüş digər bölgələrdə dəmiryolu nəqliyyatı dayandırılıb və İşikava əyalətindəki Noto hava limanına da gediş-gəliş bağlanıb.
Most modern research telescopes are enormous facilities in remote areas with favorable atmospheric conditions.,La plupart des télescopes de recherche modernes sont d'énormes infrastructures placées dans des régions éloignées où les conditions atmosphériques sont favorables.,معظمُ تلسكوباتِ البحوثِ الحديثة هي منشآتٌ هائلةٌ في المناطق النائيّة ذات الظّروف الجويّة الملائمة.,"Ən müasir tədqiqat teleskoplarının əksəriyyəti, əlverişli atmosfer şəraitinə sahib uzaq bölgələrdə yerləşən həddən artıq nəhəng qurğulardır."
"Feel free to pencil in your own marks, but remember the printed bowing marks are there for a musical reason, so they should usually be respected.","N'hésitez pas à inscrire vos propres marques au crayon, mais n'oubliez pas que les marques d'archet imprimées le sont pour un motif d'ordre musical, et qu'il faut donc en général les respecter.",لا تتردد في رسم علاماتك الخاصة بالقلم الرصاص، ولكن تذكر أن العلامات المطبوعة المنحنية موجودة لسبب موسيقي، لذلك يجب احترامها عادة.,"Qələmlə öz işarələrinizi qoymaqdan çəkinməyin, lakin çapda verilmiş kaman işarələri musiqidəki hər hansı bir detalı bildirir, beləliklə onlara əməl edilməlidir."
"Researchers from Princeton University in the United States and Uppsala University in Sweden reported the new species evolved in just two generations, though this process had been believed to take much longer, due to breeding between an endemic Darwin finch, Geospiza fortes, and the immigrant cactus finch, Geospiza conirostris.","Des chercheurs de l'université de Princeton aux États-Unis et de l'université d'Uppsala en Suède ont indiqué que la nouvelle espèce avait évolué en seulement deux générations, bien que ce processus ait été estimé beaucoup plus long, suite à la reproduction entre un pinson de Darwin endémique, Geospiza fortis, et le pinson immigrant à bec conique, Geospiza conirostris.",أفاد باحثون من جامعة برينستون بالولايات المتحدة وجامعة أوبسالا بالسويد أن تطور الأنواع الجديدة استغرق جيلين فقط - على الرغم من أنه كان يعتقد أن هذه العملية تستغرق وقتاً أطول بكثير- بسبب التكاثر بين عصفور داروين المتوطن، وعصفور الأرض متوسط الحجم، وعصفور الصبار المهاجر، وعصفور الأرض ذو المنقار الحاد.,"Amerika Birləşmiş Ştatlarının Princeton Universitetinin tədqiqatçıları, yeni növlərin yalnız iki nəsildə dünyəviləşdiyini bildirdi, amma bu müddətin damızlıqla çoxaldılmış endemik bir ""Darvin alacəhrəsindən"", ""Geospiza birəbitənin""dən, köçəri kaktus bilibitdanları və ""Geospiza sərçələri""nin formalaşmasından daha uzun müddət çəkəcəyi düşünülür."
The early reports say the plane was diverted back to Afghanistan after being denied an emergency landing in Ürümqi.,Les premiers rapports indiquent que l’avion a été détourné vers l’Afghanistan après s’être vu refuser un atterrissage d’urgence à Ürümqi.,"وتقول التقارير الاولية أنه تم تحويل طائرة العودة إلى أفغانستان بعد أن حرم بهبوط اضطراري في ""أورومتشي"".","İlkin əldə olunan xəbərlərə görə təyyarənin Ürümqidə yerə təcili eniş etməsi rədd edilib, bundan sonra Əfqanıstana geri göndərilib."
Apia was founded in the 1850s and has been the official capital of Samoa since 1959.,Apia a été fondée dans les années 1850 et est la capitale officielle des Samoa depuis 1959.,تأسست أبيا في خمسينيات القرن التاسع عشر وكانت العاصمة الرسمية لساموا منذ عام 1959.,"1850-ci illərdə əsası qoyulmuş Apia, 1959-cu ildən bəri Samoanın paytaxtıdır."
Japanese work culture is more hierarchical and formal that what Westerners may be used to.,La culture de travail japonaise est plus hiérarchique et formelle que celle à laquelle les Occidentaux peuvent être habitués.,ثقافة العمل اليابانية أكثر هرمية ورسمية مما اعتاد عليه الغربيون.,"Yaponlarda iş mədəniyyəti, qərblilərdəkindən daha fərqli, teokratik və rəsmidir."
"All the ships were sunk, except for one British cruiser. Nearly 200 American and German lives were lost.","Tous les navires furent coulés, à l’exception d’un croiseur britannique. Près de 200 Américains et Allemands perdirent la vie.",لقد غرقت جميع السفن باستثناء طراد بريطاني واحد. وغرق وما يقرب من 200 شخص أمريكي وألماني.,"Bütün gəmilər batdı, geriyə yalnız bir İngilis kreyseri qaldı. 200 nəfərə yaxın amerikalı və alman həyatını itirdi."
"More traditional churches often hold an Easter Vigil on Saturday night during the Easter weekend, with the congregations often breaking into celebration at the stroke of midnight to celebrate Christ's resurrection.","Les églises plus traditionnelles organisent souvent une veillée pascale le samedi soir pendant le week-end de Pâques, les congrégations faisant souvent irruption dans la fête au coup de minuit pour célébrer la résurrection du Christ.",تعقد الكنائس الأكثر تقليدية غالبًا صلاة عشية عيد الفصح في يوم السبت أثناء نهاية أسبوع الفصح، وغالبًا ما تبدأ التجمعات في الاحتفال ببعث السيد المسيح عند حلول منتصف الليل.,"Daha ənənəvi kilsələrdə Pasxa həftəsonu ərzində, insanlar şənbə gecəsindən çox vaxt Pasxa çiləsi tutur və Məsihin dirilişini qeyd etmək üçün bayramı gecə yarıdan keçirməyə başlayır."
"Popular sports include football, basketball, volleyball, water-polo, fencing, rugby, cycling, ice hockey, roller hockey and F1 motor racing.","Parmi les sports populaires figurent le football, le basket-ball, le volley-ball, le water-polo, l'escrime, le rugby, le cyclisme, le hockey sur glace, le roller hockey et la Formule 1.",تشمل الرياضات الشعبية كرة القدم، وكرة السلة، والكرة الطائرة، وكرة الماء، والمبارزة، والرجبي، وركوب الدراجات، وهوكي الجليد، وهوكي الإنزلاق وسباق السيارات F1.,"Futbol, basketbol, voleybol, su topu, qılıncoynatma, reqbi, velosiped sürmə, buz xokkeyi, rolik xokkeyi və F1 yarışları məşhur idman növlərindəndir."
"There are a lot of social and political effects such as the use of metric system, a shift from absolutism to republicanism, nationalism and the belief the country belongs to the people not to one sole ruler.","Il y a de nombreuses répercussions sociales et politiques telles que l'utilisation du système métrique, le passage de l'absolutisme au républicanisme, le nationalisme et la conviction que le pays appartient au peuple et non à un seul dirigeant.",هناك الكثير من الآثار الاجتماعية والسياسية مثل استخدام النظام المتري، والتحول من الاستبداد إلى النظام الجمهوري، والقومية، والاعتقاد بأن البلاد ملك للشعب وليس للحاكم وحده.,"Mövcud bir çox sosial və siyasi təsirlərə metrik sistemdən istifadə, mütləqiyyətdən respublikaçılığa keçid, millətçilik, ölkənin tək bir hökmdara deyil, xalqa məxsus olduğuna dair inanclar daxildir."
"Regular announcements in the Metro are made only in Catalan, but unplanned disruptions are announced by an automated system in a wide variety of languages including Spanish, English, French, Arabic and Japanese.","Les annonces régulières dans le métro ne sont faites qu'en catalan, mais les perturbations imprévues sont annoncées par un système automatisé dans de nombreuses langues, dont l'espagnol, l'anglais, le français, l'arabe et le japonais.",يتم إذاعة الإعلانات المنتظمة في المترو باللغة الكاتالونية فقط، بينما يتم إذاعة الاضطرابات غير المتوقعة بواسطة نظام آلي في مجموعة متنوعة من اللغات تشمل الإسبانية والإنجليزية والفرنسية والعربية واليابانية.,"Katalon dili Metroda müntəzəm olaraq verilən elanların əsas dilidir, lakin avtomatlaşdırılmış sistem planlaşdırılmamış problemlər barədə elanları fərqli dillərdə, o cümlədən İspan, İngilis, Fransız, Ərəb və Yapon dillərində verir."
"We can start living more friendly to the environment, we can join to the environmental movement, and we can even be activists in order to reduce the future suffering in some degree.","Nous pouvons commencer par vivre en meilleure harmonie avec l'environnement, nous pouvons rejoindre le mouvement environnemental, et nous pouvons même militer dans le but d'atténuer les souffrances à venir.",يمكننا أن نبدأ في العيش بشكل أكثر تناسباً مع البيئة، ويمكننا الانضمام إلى الحركة البيئية، ويمكننا حتى أن نكون نشطاء من أجل تقليل المعاناة المستقبلية بدرجة ما.,"İlk addımı təbiətə daha dost münasibət göstərərək ata bilərik, ətraf mühitin mühafizəsi ilə əlaqəli hərəkatlara qoşula, hətta gələcəkdə təbiətə dəyə biləcək zərərin müəyyən dərəcədə qarşısını almaq üçün aktivist ola bilərik."
Plans for vaccines to be delivered to the historically most affected areas this year were delayed due to lack of funds and low prioritisation relative to other diseases.,Les plans de livraison de vaccins dans les zones historiquement les plus touchées cette année ont été retardés en raison du manque de fonds et de la faible priorité accordée à ces maladies par rapport à d’autres.,تم تأجيل خطط توصيل اللقاحات إلى المناطق الأكثر تضرراً على مر التاريخ هذا العام بسبب نقص التمويل وتحديد أولوية منخفضة للمرض بالنسبة للأمراض الأخرى.,"Bu il tarixi baxımdan ən çox təsirə məruz qalmış bölgələrə peyvənd göndərişi planları, digər xəstəliklərlə müqayisədə vəsait çatışmazlığı və zəif prioritetləşdirmə nəticəsində ləngidi."
"Although AI has a strong connotation of science fiction, AI forms a very important branch of computer science, dealing with behavior, learning and intelligent adaptation in a machine.","Bien que l'Intelligence Artificielle soit souvent fortement connotée science-fiction, elle représente une part très importante des sciences informatiques qui étudient le comportement, l'apprentissage et l'adaptation intelligente d'une machine.",بالرغم من أن للذكاء الاصطناعي دلالة قوية للخيال العلمي، فإنه يشكل فرعاً هاماً للغاية من علوم الكمبيوتر، ويتعامل مع السلوك والتعلم والتكيف الذكي في الآلة.,"Süni zəka güclü elmi-fantastik məna kəsb etsə də, maşında davranış, öyrənmə və intellektin adaptasiyası ilə əlaqəli kompüter elminin çox əhəmiyyətli bir qolunu ortaya çıxarır."
"The broad boulevards, glass-fronted buildings and modern shopping centers are dotted with traditional red-tiled roofs, the 18th century market, and old mosques and churches, although the city has an atmosphere more of Mediterranean Europe than traditional Turkey.","Les larges boulevards, les bâtiments vitrés et les centres commerciaux modernes sont parsemés de toits traditionnels en tuiles rouges, du marché du XVIIIe siècle, et de vieilles mosquées et églises, bien que la ville ait une atmosphère qui rappelle plus l'Europe méditerranéenne que la Turquie traditionnelle.",تتميز الشوارع الواسعة والمباني ذات الواجهة الزجاجية ومراكز التسوق الحديثة بأسقف تقليدية من القرميد الأحمر وسوق القرن الثامن عشر والمساجد والكنائس القديمة، على الرغم من أن المدينة تتمتع بجو أكثر من أوروبا المتوسطية مقارنة بتركيا التقليدية.,"Geniş bulvarlar, şüşə fasadlı binalar və ənənəvi qırmızı kirəmitli çardaqları olan müasir ticarət mərkəzləri, 18-ci əsrin bazarı, qədim kilsə və məscidləri ilə burada ənənəvi bir Türkiyə şəhərindən daha çox Aralıq Dənizi ətrafında yerləşən Avropa şəhəri atmosferi var."
"Domestic goats were generally kept in herds that wandered on hills or other grazing areas, often tended by goatherds who were frequently children or adolescents, similar to the more widely known shepherd. These methods of herding are still used today.","Les chèvres domestiques étaient généralement gardées dans les troupeaux qui erraient sur les collines ou d'autres espaces de pâturage, souvent soignées par des chevriers qui étaient la plupart du temps des enfants ou des adolescents, semblables au terme plus connu de bergers. Ces méthodes pastorales ont toujours cours aujourd'hui.",كانت الماعز الداجنة تُربى عموماً في قطعان تجولت على التلال أو مناطق الرعي الأخرى، وغالباً ما تُرعى بواسطة رعاة الماعز الذين كانوا في الغالب أطفالاً أو مراهقين، على غرار الراعي المعروف على نطاق واسع. ولا تزال طرق الرعي هذه مستخدمة حتى اليوم.,"Adətən təpələrdə və ya digər otlaq sahələrdə gəzən sürülərin içinə qoşulan ev keçilərinə daha çox çobana bənzəyən, lakin adətən uşaqlar və yeniyətmələr olan keçiotaranlar baxır. Bu gün də belə sürü üsullarından istifadə olunur."
"In Japan, the first cherry blossom parties were hosted by the emperor only for himself and other members of the aristocracy around the Imperial Court.","Au Japon, les premières fêtes des cerisiers en fleurs ont été organisées par l’empereur uniquement pour lui-même et les autres membres de l’aristocratie proche autour de la Cour impériale.",في اليابان، قام الإمبراطور بتنظيم أولى حفلات أزهار الكرز حصراً لنفسه ولأعضاء آخرين من الطبقة النبيلة حول البلاط الإمبراطور.,Yaponiyada albalı güllərinin ləçəklərini seyr etmə ənənəsi ilə keçirilən ilk festival imperatorun təşəbbüsü ilə yalnız özü və İmperator Məhkəməsini təşkil edən digər aristokratlar üçün təşkil edilib.
"Next, some saddles, particularly English saddles, have safety bars that allow a stirrup leather to fall off the saddle if pulled backwards by a falling rider.","Ensuite, certaines selles, notamment les anglaises, ont des barres de sécurité qui permettent à une étrivière de tomber de la selle si elle est tirée vers l'arrière par un cavalier qui tombe.",ثانيًا، تحتوي بعض السروج، وخاصة السروج الإنجليزية، على قضبان أمان تُتيح لفرو الركاب بالسقوط من السرج عند سحبه للخلف عند نزول الراكب.,"Sonrakı dövrlərdə, yəhərlərin bəzilərinə, ən çox da İngilis yəhərinə, atdan yıxılan minici çəkdikdə, üzənginin yəhərdən düşməsini təmin edən təhlükəsizlik çubuqları taxılmağa başladı."
"At the same time, the German navy, using mainly U-boats, was trying to stop this traffic.","Au même moment, la marine allemande, utilisant principalement des U-Boots, tentait d'arrêter ce trafic.",وفي الوقت ذاته، كانت البحرية الألمانية تحاول التصدي لهذا الغزو قوامها في هذا استخدام الغواصات.,"Eyni zamanda, Alman donanması əsasən U sualtı gəmilərindən istifadə edərək bu hərəkətin qarşısını almağa çalışdı."
"Pre-modern observatories are usually obsolete today, and remain as museums, or sites of education.","Les observatoires prémodernes sont généralement obsolètes aujourd’hui, et restent en place comme musées ou sites d’éducation.",عادة ما تكون مراصد ما قبل الحداثة مهملة اليوم، وتبقى كمتاحف أو مواقع تعليمية.,"Premodern rəsədxanalar bu gün əsasən dəbdən düşmüş hesab olunaraq, muzey, və ya təhsil məkanları kimi istifadə olunur."
"No child should ever have to grow up in an environment that is not nurturing, caring, and educational, but they do.","Aucun enfant ne devrait jamais avoir à grandir dans un environnement qui n’est pas stimulant, attentionné et éducatif, mais c’est le cas.",لا ينبغي لأي طفل أبداً أن ينمو في بيئة لا تقوم على التنشئة والرعاية والتعليم، ولكنهم يفعلون ذلك.,"Neç bir uşaq, onu bəsləyən, ona qayğı göstərən, təlim və təhsil verənlərin olmadığı bir mühitdə böyüməməli olsa da, böyüyür."
The largest tournament of the year takes place in December at the polo fields in Las Cañitas.,Le plus grand tournoi de l'année se déroule en décembre sur les terrains de polo de Las Cañitas.,تقام أكبر مسابقات العام في ديسمبر، على ملاعب بولو في لاس كانيتاس.,Dekabr ayında Las Kanyitasın polo sahələrində ilin ən böyük turniri baş tutur.
Most of the life of the Hebrew family happened in the open air.,La majeure partie de la vie de la famille hébraïque se déroulait en plein air.,كانت معظم حياة العائلة العبرية في الهواء الطلق.,Açıq havada yaşayış İbrani ailələrinin çox vaxt həyat tərzi idi.
"If the country you will be visiting becomes subject to a travel advisory, your travel health insurance or your trip cancellation insurance may be affected.","Si le pays dans lequel vous vous rendez fait l'objet d'un avertissement aux voyageurs émis par votre gouvernement, votre assurance santé à l'étranger ou votre assurance annulation voyage peuvent en être affectées.",إذا أصبحت الدولة التي ستزورها خاضعة لمشورة تتعلق بالسفر، فقد يتأثر التأمين الصحي للسفر أو تأمين إلغاء الرحلة.,"Səyahət edəcəyiniz ölkə, bir turizm agentliyi ilə işləyirsə, bu sizin səyahət üçün tibbi sığortanıza, yaxud da səyahət ləğvi sığortanıza təsir edə bilər."
